{
  "Rising Artazzen 26July2025Export - 3.jpeg": {
    "reviewed": true,
    "detected_at": 1758039238.425317
  },
  "Rising Artazzen 26July2025Export - 26.jpeg": {
    "reviewed": true,
    "detected_at": 1758039238.449013
  },
  "Rising Artazzen 26July2025Export - 54.jpeg": {
    "reviewed": false,
    "detected_at": 1758039238.450047
  },
  "Rising Artazzen 26July2025Export - 5.jpeg": {
    "reviewed": false,
    "detected_at": 1758039238.450946
  },
  "Rising Artazzen 26July2025Export - 24.jpeg": {
    "reviewed": false,
    "detected_at": 1758039238.451911
  },
  "Rising Artazzen 26July2025Export - 17.jpeg": {
    "reviewed": false,
    "detected_at": 1758039238.45296
  },
  "Rising Artazzen 26July2025Export - 13.jpeg": {
    "reviewed": false,
    "detected_at": 1758039238.4538932
  },
  "Rising Artazzen 26July2025Export - 45.jpeg": {
    "reviewed": false,
    "detected_at": 1758039238.4548118
  },
  "Rising Artazzen 26July2025Export - 34.jpeg": {
    "reviewed": false,
    "detected_at": 1758039238.455754
  },
  "Rising Artazzen 26July2025Export - 23.jpeg": {
    "reviewed": false,
    "detected_at": 1758039238.456674
  },
  "Rising Artazzen 26July2025Export - 15.jpeg": {
    "reviewed": false,
    "detected_at": 1758039238.4579608
  },
  "Rising Artazzen 26July2025Export - 46.jpeg": {
    "reviewed": false,
    "detected_at": 1758039238.4592981
  },
  "Rising Artazzen 26July2025Export - 16.jpeg": {
    "reviewed": false,
    "detected_at": 1758039238.460441
  },
  "Rising Artazzen 26July2025Export - 53.jpeg": {
    "reviewed": false,
    "detected_at": 1758039238.461347
  },
  "Rising Artazzen 26July2025Export - 9.jpeg": {
    "reviewed": false,
    "detected_at": 1758039238.462251
  },
  "Rising Artazzen 26July2025Export - 39.jpeg": {
    "reviewed": false,
    "detected_at": 1758039238.463219
  },
  "Rising Artazzen 26July2025Export - 30.jpeg": {
    "reviewed": false,
    "detected_at": 1758039238.4642649
  },
  "Rising Artazzen 26July2025Export - 40.jpeg": {
    "reviewed": false,
    "detected_at": 1758039238.465297
  },
  "Rising Artazzen 26July2025Export - 12.jpeg": {
    "reviewed": false,
    "detected_at": 1758039238.466214
  },
  "Rising Artazzen 26July2025Export - 14.jpeg": {
    "reviewed": false,
    "detected_at": 1758039238.467159
  },
  "Rising Artazzen 26July2025Export - 2.jpeg": {
    "reviewed": false,
    "detected_at": 1758039238.4680908
  },
  "Rising Artazzen 26July2025Export - 1.jpeg": {
    "reviewed": false,
    "detected_at": 1758039238.469064
  },
  "Rising Artazzen 26July2025Export - 44.jpeg": {
    "reviewed": false,
    "detected_at": 1758039238.470103
  },
  "Rising Artazzen 26July2025Export - 19.jpeg": {
    "reviewed": false,
    "detected_at": 1758039238.471089
  },
  "Rising Artazzen 26July2025Export - 36.jpeg": {
    "reviewed": false,
    "detected_at": 1758039238.4720461
  },
  "Rising Artazzen 26July2025Export - 22.jpeg": {
    "reviewed": false,
    "detected_at": 1758039238.473
  },
  "Rising Artazzen 26July2025Export - 10.jpeg": {
    "reviewed": false,
    "detected_at": 1758039238.47392
  },
  "Rising Artazzen 26July2025Export - 21.jpeg": {
    "reviewed": false,
    "detected_at": 1758039238.47492
  },
  "Rising Artazzen 26July2025Export - 43.jpeg": {
    "reviewed": false,
    "detected_at": 1758039238.475818
  },
  "Rising Artazzen 26July2025Export - 33.jpeg": {
    "reviewed": false,
    "detected_at": 1758039238.4767702
  },
  "Rising Artazzen 26July2025Export - 52.jpeg": {
    "reviewed": false,
    "detected_at": 1758039238.47765
  },
  "Rising Artazzen 26July2025Export - 38.jpeg": {
    "reviewed": false,
    "detected_at": 1758039238.478563
  },
  "Rising Artazzen 26July2025Export - 31.jpeg": {
    "reviewed": false,
    "detected_at": 1758039238.4798
  },
  "Rising Artazzen 26July2025Export - 28.jpeg": {
    "reviewed": false,
    "detected_at": 1758039238.480835
  },
  "Rising Artazzen 26July2025Export - 6.jpeg": {
    "reviewed": false,
    "detected_at": 1758039238.481754
  },
  "Rising Artazzen 26July2025Export - 25.jpeg": {
    "reviewed": false,
    "detected_at": 1758039238.482676
  },
  "Rising Artazzen 26July2025Export - 27.jpeg": {
    "reviewed": false,
    "detected_at": 1758039238.483616
  },
  "Rising Artazzen 26July2025Export - 42.jpeg": {
    "reviewed": false,
    "detected_at": 1758039238.4848619
  },
  "Rising Artazzen 26July2025Export - 11.jpeg": {
    "reviewed": false,
    "detected_at": 1758039238.4862
  },
  "Rising Artazzen 26July2025Export - 29.jpeg": {
    "reviewed": false,
    "detected_at": 1758039238.487314
  },
  "Rising Artazzen 26July2025Export - 51.jpeg": {
    "reviewed": false,
    "detected_at": 1758039238.488641
  },
  "Rising Artazzen 26July2025Export - 37.jpeg": {
    "reviewed": false,
    "detected_at": 1758039238.490058
  },
  "Rising Artazzen 26July2025Export - 18.jpeg": {
    "reviewed": false,
    "detected_at": 1758039238.491104
  },
  "Rising Artazzen 26July2025Export - 32.jpeg": {
    "reviewed": false,
    "detected_at": 1758039238.492296
  },
  "Rising Artazzen 26July2025Export - 7.jpeg": {
    "reviewed": false,
    "detected_at": 1758039238.493475
  },
  "Rising Artazzen 26July2025Export - 47.jpeg": {
    "reviewed": false,
    "detected_at": 1758039238.495142
  },
  "Rising Artazzen 26July2025Export - 35.jpeg": {
    "reviewed": false,
    "detected_at": 1758039238.496543
  },
  "Rising Artazzen 26July2025Export - 41.jpeg": {
    "reviewed": false,
    "detected_at": 1758039238.4978938
  },
  "Rising Artazzen 26July2025Export - 4.jpeg": {
    "reviewed": false,
    "detected_at": 1758039238.4994261
  },
  "Rising Artazzen 26July2025Export - 50.jpeg": {
    "reviewed": false,
    "detected_at": 1758039238.5007691
  },
  "Rising Artazzen 26July2025Export - 49.jpeg": {
    "reviewed": false,
    "detected_at": 1758039238.502124
  },
  "Rising Artazzen 26July2025Export - 48.jpeg": {
    "reviewed": false,
    "detected_at": 1758039238.503554
  },
  "Rising Artazzen 26July2025Export - 20.jpeg": {
    "reviewed": false,
    "detected_at": 1758039238.5047302
  },
  "Rising Artazzen 26July2025Export - 8.jpeg": {
    "reviewed": true,
    "detected_at": 1758039238.5060108
  },
  "IMG_3073.jpeg": {
    "reviewed": false,
    "detected_at": 1758355788.754018
  },
  "IMG_3072.jpeg": {
    "reviewed": false,
    "detected_at": 1758356135.166265
  },
  "IMG_3028.png": {
    "reviewed": false,
    "detected_at": 1758356451.554434
  },
  "IMG_3024.png": {
    "reviewed": false,
    "detected_at": 1758356451.5553448
  },
  "IMG_3026.png": {
    "reviewed": false,
    "detected_at": 1758356451.5560162
  },
  "IMG_3025.png": {
    "reviewed": false,
    "detected_at": 1758356451.556533
  },
  "IMG_3031.png": {
    "reviewed": false,
    "detected_at": 1758356451.5586822
  },
  "IMG_3023.png": {
    "reviewed": false,
    "detected_at": 1758356451.5595362
  },
  "IMG_3030.png": {
    "reviewed": false,
    "detected_at": 1758356451.560032
  },
  "IMG_3027.png": {
    "reviewed": false,
    "detected_at": 1758356451.560928
  },
  "IMG_3033.png": {
    "reviewed": false,
    "detected_at": 1758356451.562526
  },
  "IMG_3029.png": {
    "reviewed": false,
    "detected_at": 1758356451.563037
  },
  "IMG_3145.png": {
    "reviewed": false,
    "detected_at": 1758356569.584021
  },
  "IMG_0962 Copy.jpeg": {
    "reviewed": false,
    "detected_at": 1758356655.7096
  },
  "IMG_0961 Copy.jpeg": {
    "reviewed": false,
    "detected_at": 1758356655.7108622
  },
  "IMG_0904.png": {
    "reviewed": false,
    "detected_at": 1758356655.71239
  },
  "IMG_0931.png": {
    "reviewed": false,
    "detected_at": 1758356655.716148
  },
  "IMG_0905.png": {
    "reviewed": false,
    "detected_at": 1758356655.717089
  },
  "IMG_0902.png": {
    "reviewed": false,
    "detected_at": 1758356655.718663
  },
  "IMG_0915.png": {
    "reviewed": false,
    "detected_at": 1758356655.720096
  },
  "IMG_0959 Copy.jpeg": {
    "reviewed": false,